"","orthogroup.id","Estimate","SE","z.value","p.value","rep_seq_id"
"1","OG0006476",1.500061653,1.944633687,0.771385204,0.440478643,"3307_00090"
"2","OG0005394",1.500470813,1.479166535,1.014402893,0.310390544,"17_38520"
"3","OG0001020",1.506438544,4.573540475,0.329381264,0.741867527,"01_01160"
"4","OG0001599",1.506438544,4.573540475,0.329381264,0.741867527,"01_08040"
"5","OG0006509",1.506724647,1.864878594,0.807947848,0.419120605,"AR81009_01980"
"6","OG0006656",1.508747321,1.514945913,0.995908374,0.319294666,"3307_29180"
"7","OG0004629",1.509843022,0.866363329,1.742736531,0.081379647,"01_22670"
"8","OG0005276",1.512144584,0.922323187,1.639495359,0.101110136,"01_05800"
"9","OG0006893",1.51282926,1.340622561,1.128452783,0.259128747,"3338_25120"
"10","OG0006649",1.51393621,1.481475772,1.02191088,0.306823083,"3058_03300"
"11","OG0004097",1.519696233,0.88063185,1.725688474,0.084403473,"01_23090"
"12","OG0003859",1.520271893,0.589767218,2.577749062,0.009944619,"2949_32830"
"13","OG0003500",1.522038472,0.617195946,2.466053903,0.013661077,"01_21670"
"14","OG0006860",1.522602292,1.370441052,1.111030854,0.266555069,"17_10740"
"15","OG0004839",1.523720152,0.872868103,1.745647649,0.080872197,"85-10_23740"
"16","OG0005877",1.523739602,1.652668438,0.921987476,0.356535108,"3498_09010"
"17","OG0003741",1.525984434,0.928470806,1.643545952,0.100270026,"1311A_00650"
"18","OG0007479",1.528321807,1.776897239,0.86010703,0.389730047,"NCPPB4349_11620"
"19","OG0008454",1.528779419,1.807237082,0.84592079,0.397596934,"CFBP8605_36540"
"20","OG0004862",1.53072609,0.907286849,1.687146785,0.091575131,"2957_09240"
"21","OG0004099",1.531789055,0.677988944,2.259312735,0.023863938,"01_34180"
"22","OG0006599",1.532876096,1.332008421,1.150800604,0.249814276,"CFBP8700_36390"
"23","OG0006420",1.532917349,2.099792747,0.730032691,0.465370203,"CFBP6992_35290"
"24","OG0006680",1.532917349,2.099792747,0.730032691,0.465370203,"8590_03970"
"25","OG0005634",1.533407556,1.42673708,1.074765335,0.282479804,"BRIP62416_05410"
"26","OG0004784",1.534051324,0.914469724,1.677531014,0.09343869,"3058_39870"
"27","OG0007582",1.534792605,1.624341617,0.944870579,0.344724953,"AmX2_01390"
"28","OG0003954",1.535133004,0.74500014,2.060580825,0.039343048,"01_36410"
"29","OG0003955",1.535133004,0.74500014,2.060580825,0.039343048,"1311A_15410"
"30","OG0003963",1.535133004,0.74500014,2.060580825,0.039343048,"CCUG18839_29540"
"31","OG0005000",1.535862463,0.843156527,1.821562679,0.068521368,"3058_41670"
"32","OG0005001",1.535862463,0.843156527,1.821562679,0.068521368,"3140_01400"
"33","OG0006625",1.538449375,1.328201084,1.158295527,0.246743456,"01_23760"
"34","OG0004825",1.539312918,0.926674105,1.661115715,0.096690209,"3307_13960"
"35","OG0004041",1.541188567,1.403818214,1.097854802,0.272267897,"01_22940"
"36","OG0004773",1.544106869,0.814607004,1.895523684,0.058023057,"BRIP62409_24130"
"37","OG0006097",1.546906111,1.628438735,0.949932028,0.342146791,"01_22720"
"38","OG0007073",1.548562077,1.457286782,1.062633722,0.287948088,"CFBP8700_32690"
"39","OG0007491",1.549590844,1.630637078,0.95029781,0.341960951,"01_32360"
"40","OG0007449",1.549951432,1.641403826,0.944284037,0.345024521,"GPEPC86_18710"
"41","OG0007454",1.551412277,1.738943259,0.892158079,0.372308208,"GW_27220"
"42","OG0005370",1.551968179,1.348441707,1.150934572,0.249759154,"AmX2_37120"
"43","OG0004206",1.556426068,1.30244918,1.194999462,0.23208724,"2949_30920"
"44","OG0006275",1.556672075,1.445743135,1.076727973,0.281601811,"DE0062_00120"
"45","OG0003754",1.558208739,0.92409771,1.686194784,0.091758288,"2949_24940"
"46","OG0007471",1.559342925,1.565762877,0.995899793,0.319298836,"LMG9002_15060"
"47","OG0003666",1.560741692,0.760139786,2.053229842,0.040050291,"1311A_14700"
"48","OG0007460",1.560885105,1.718348454,0.908363552,0.363686176,"JAI131_05210"
"49","OG0007689",1.560945963,1.63712848,0.953465768,0.340354133,"CFBP3122_11220"
"50","OG0005763",1.563061667,1.404160129,1.113164827,0.265637646,"18048_20530"
"51","OG0006037",1.563336243,1.640960778,0.95269568,0.340744283,"BA29-1_24910"
"52","OG0006269",1.563336245,1.640960778,0.95269568,0.340744283,"CFBP8591_13460"
"53","OG0000250",1.56354048,0.987625566,1.583130828,0.113391649,"1311A_17030"
"54","OG0004924",1.563671789,0.832146571,1.879082175,0.060233274,"3307_10540"
"55","OG0001774",1.564718388,1.389015396,1.126494633,0.259956211,"01_34220"
"56","OG0002171",1.564961577,1.389080203,1.126617148,0.259904386,"01_00160"
"57","OG0001047",1.566054544,1.382082283,1.13311238,0.257167063,"01_03070"
"58","OG0000534",1.566067428,1.389913555,1.126737287,0.259853573,"01_12290"
"59","OG0008819",1.567765496,1.996776317,0.785148282,0.432366634,"NCPPB1630_08010"
"60","OG0004823",1.569272609,0.900689387,1.742301654,0.081455674,"3058_25580"
"61","OG0001996",1.569337663,1.371608067,1.144158962,0.252557719,"01_38180"
"62","OG0007194",1.572004682,1.478519565,1.063228867,0.287678174,"3307_37120"
"63","OG0006121",1.573930146,1.648535433,0.954744505,0.339706917,"3307_01070"
"64","OG0006909",1.573930146,1.648535433,0.954744505,0.339706917,"756C_26650"
"65","OG0006910",1.573930146,1.648535433,0.954744505,0.339706917,"84A_06850"
"66","OG0007310",1.573930146,1.648535433,0.954744505,0.339706917,"CFBP4642_24410"
"67","OG0007313",1.573930146,1.648535433,0.954744505,0.339706917,"CFBP4643_15480"
"68","OG0007315",1.573930146,1.648535433,0.954744505,0.339706917,"CFBP4643_19330"
"69","OG0007360",1.573938635,1.648540741,0.95474658,0.339705868,"CFBP7319_17690"
"70","OG0005511",1.575439288,1.067393104,1.475969145,0.139952176,"2949_11880"
"71","OG0004793",1.579829469,0.901443242,1.752555675,0.079678305,"3307_24820"
"72","OG0004675",1.590772916,0.914312685,1.739856552,0.081884209,"01_36190"
"73","OG0006555",1.592560003,1.458298439,1.092067275,0.274803532,"CFBP2524_30000"
"74","OG0005775",1.592787265,1.286706335,1.237879398,0.215760782,"3046_00590"
"75","OG0003628",1.597852689,0.755533416,2.114866998,0.034441285,"01_32030"
"76","OG0005363",1.600118666,1.180140633,1.355871174,0.17514016,"A2111_34130"
"77","OG0007467",1.600911637,2.01422576,0.794802484,0.426728406,"LMG726_16720"
"78","OG0006258",1.602328431,1.648901578,0.971755047,0.331172424,"CFBP4643_24760"
"79","OG0007037",1.604914723,1.624439941,0.987980339,0.323162277,"CFBP7245_00920"
"80","OG0004195",1.606332786,1.007856036,1.593811745,0.110978206,"01_16960"
"81","OG0004671",1.608351759,0.926420743,1.736092127,0.082547546,"01_31480"
"82","OG0006858",1.614282213,1.436669867,1.123627808,0.261170954,"17_10350"
"83","OG0005671",1.615717846,1.304426144,1.238642642,0.215477869,"3498_14860"
"84","OG0007067",1.615725218,1.571021896,1.028454932,0.30373588,"CFBP8700_16980"
"85","OG0004718",1.615747994,0.906005998,1.783374501,0.074525361,"17_36960"
"86","OG0005227",1.615849585,0.927324258,1.742486052,0.08142343,"01_18370"
"87","OG0007250",1.616327323,1.557074267,1.038054097,0.29924487,"BRIP62409_08470"
"88","OG0007188",1.616835041,1.696756528,0.952897493,0.34064201,"3307_37060"
"89","OG0004406",1.618189219,1.25873056,1.285572362,0.198592348,"3307_33540"
"90","OG0004762",1.618403056,0.889702915,1.819037601,0.068905694,"3004_02770"
"91","OG0007472",1.619308425,1.717469299,0.942845631,0.345759868,"LW16_03010"
"92","OG0006322",1.619554778,1.456465607,1.111975985,0.266148476,"3075_05350"
"93","OG0004439",1.621741815,0.867959863,1.868452546,0.061699019,"01_19910"
"94","OG0002351",1.622512658,0.719815094,2.254068679,0.024191848,"01_35580"
"95","OG0004405",1.624420173,0.731457771,2.220798298,0.026364626,"3307_14160"
"96","OG0004442",1.624420173,0.731457771,2.220798298,0.026364626,"01_35920"
"97","OG0004443",1.624420173,0.731457771,2.220798298,0.026364626,"1311A_04940"
"98","OG0004444",1.624420173,0.731457771,2.220798298,0.026364626,"17_05080"
"99","OG0008145",1.625599164,1.857084692,0.875350042,0.381383473,"BB151-3_13200"
"100","OG0003716",1.626403387,0.909470414,1.788297191,0.073728073,"01_35830"
"101","OG0003736",1.626403387,0.909470414,1.788297191,0.073728073,"17_28000"
"102","OG0004244",1.632707466,1.087197308,1.501758194,0.133159569,"01_29530"
"103","OG0004717",1.633553323,0.915403121,1.784517973,0.074339537,"17_05030"
"104","OG0000799",1.633794053,1.266140265,1.290373664,0.196920951,"01_16760"
"105","OG0005230",1.634682172,0.932344115,1.75330347,0.07954993,"01_26650"
"106","OG0007196",1.63679658,1.498968507,1.091948612,0.274855689,"3376_20430"
"107","OG0007041",1.636941402,1.648447997,0.99301974,0.320700335,"CFBP7342_41580"
"108","OG0004006",1.642415841,0.694404014,2.365216513,0.018019533,"17_38220"
"109","OG0008445",1.643227092,1.802557577,0.911608657,0.361974763,"CFBP8591_08110"
"110","OG0006096",1.643360902,1.602060681,1.025779436,0.304995561,"01_22630"
"111","OG0000288",1.643819204,1.446003731,1.136801495,0.255621278,"1311A_07940"
"112","OG0007038",1.643848672,1.667000609,0.986111621,0.324078342,"CFBP7245_19020"
"113","OG0000735",1.644148549,1.298727875,1.265968476,0.205524369,"01_10610"
"114","OG0005180",1.647233742,0.915129948,1.79999982,0.071860667,"01_34320"
"115","OG0004752",1.647429483,0.913556211,1.803314852,0.071338782,"01_29180"
"116","OG0004756",1.647429483,0.913556211,1.803314852,0.071338782,"17_16950"
"117","OG0008183",1.64777793,1.811946676,0.909396481,0.363140879,"BRIP62432_04230"
"118","OG0009537",1.648426075,2.553243514,0.645620391,0.518525229,"CFBP7342_23450"
"119","OG0009538",1.648426075,2.553243514,0.645620391,0.518525229,"CFBP7342_23560"
"120","OG0009539",1.648426075,2.553243514,0.645620391,0.518525229,"CFBP7342_24000"
"121","OG0010324",1.648426075,2.553243514,0.645620391,0.518525229,"DE0062_49930"
"122","OG0006859",1.64876013,1.413391421,1.16652762,0.243401188,"17_10730"
"123","OG0006863",1.651242696,1.469781057,1.12346168,0.261241466,"17_38920"
"124","OG0004325",1.651829053,1.302099396,1.268589064,0.204587667,"3046_33140"
"125","OG0006998",1.655356954,1.448044685,1.143167038,0.252969245,"CFBP1976_36260"
"126","OG0006017",1.656720211,1.625353815,1.019298196,0.30806142,"A2111_21460"
"127","OG0004632",1.657237442,0.919790567,1.801755205,0.071583928,"2768_03880"
"128","OG0003647",1.657484178,0.627150568,2.642880771,0.008220398,"17_27950"
"129","OG0007173",1.65876128,1.611541267,1.029301151,0.303338183,"3058_14820"
"130","OG0005088",1.665518822,0.885485369,1.880910605,0.05998408,"3075_11170"
"131","OG0007437",1.665876678,1.587541139,1.049343942,0.294019848,"F8_01710"
"132","OG0006892",1.666199967,1.505123784,1.107018562,0.268285903,"3307_40370"
"133","OG0006452",1.666774262,1.475165869,1.129889388,0.258522836,"01_32720"
"134","OG0005002",1.668445147,0.93342885,1.787436876,0.073866906,"3140_04540"
"135","OG0007413",1.669368273,1.634618173,1.021258848,0.307131818,"DE0062_00500"
"136","OG0007412",1.670481377,1.635316157,1.021503621,0.307015894,"DE0062_00440"
"137","OG0005950",1.672468929,1.485335711,1.125987154,0.260170957,"01_03170"
"138","OG0006856",1.67537528,1.477615436,1.133837154,0.256862863,"1314C_37340"
"139","OG0003692",1.678564504,0.539588476,3.110823487,0.001865664,"17_40230"
"140","OG0006747",1.67874488,1.418204049,1.183711809,0.236527163,"CFBP1817_11310"
"141","OG0000312",1.68208117,2.097860255,0.801808016,0.422664021,"1311A_04220"
"142","OG0007039",1.68420856,1.702280138,0.989383899,0.322475349,"CFBP7245_34850"
"143","OG0004412",1.690299771,0.75557367,2.237107825,0.025279294,"BRE_17_27310"
"144","OG0005177",1.690829541,0.930710644,1.816708074,0.069261825,"01_22830"
"145","OG0004117",1.690921125,0.923029097,1.831926134,0.066962426,"17_38260"
"146","OG0004335",1.69105103,0.946860018,1.785956738,0.074106263,"01_23280"
"147","OG0003480",1.693195545,0.705100942,2.401351981,0.016334616,"1314C_11690"
"148","OG0005520",1.694434556,1.436974812,1.17916789,0.238331329,"3075_19800"
"149","OG0004795",1.694543521,0.905269667,1.871866012,0.061225143,"3307_27720"
"150","OG0006179",1.696238447,1.333002233,1.272494828,0.203197361,"BP5178_04970"
"151","OG0005893",1.697160174,1.494637954,1.135499182,0.256166224,"A7_21670"
"152","OG0003668",1.698516161,0.797289142,2.130364094,0.033141566,"17_28110"
"153","OG0007068",1.698930761,1.572105612,1.080672156,0.279842973,"CFBP8700_16990"
"154","OG0004716",1.69995503,0.923015088,1.841741324,0.065512996,"01_36120"
"155","OG0004164",1.700400798,0.861838905,1.972991458,0.048496536,"A2111_17160"
"156","OG0004347",1.70097677,1.292980574,1.315547043,0.188326118,"18048_41640"
"157","OG0004721",1.702252808,0.912804841,1.864859533,0.062201096,"2949_03730"
"158","OG0004569",1.706318359,0.915523005,1.863763498,0.062354924,"3307_15510"
"159","OG0006861",1.712118837,1.467115676,1.166996485,0.243211789,"17_38340"
"160","OG0000224",1.712884531,0.942974842,1.81646896,0.069298465,"01_00720"
"161","OG0004452",1.7142346,0.761173567,2.252094231,0.024316318,"3790_12820"
"162","OG0006330",1.715005466,1.471478463,1.165498176,0.243817398,"3307_40410"
"163","OG0005360",1.716623005,1.519463363,1.129756101,0.258579011,"A2111_08950"
"164","OG0004744",1.71893927,0.943164329,1.822523623,0.068375573,"85-10_21770"
"165","OG0004601",1.719978784,0.924079989,1.861287772,0.062703549,"8590_29080"
"166","OG0006990",1.720003036,1.528506011,1.125283789,0.260468797,"CFBP1022_38580"
"167","OG0004076",1.72000735,0.900811794,1.909397015,0.056210896,"18048_04830"
"168","OG0000871",1.720137855,1.273333802,1.350893106,0.176729677,"01_26130"
"169","OG0004731",1.720807545,0.924049285,1.862246498,0.062568353,"3307_30950"
"170","OG0004606",1.724732861,0.931711012,1.851145729,0.064148591,"BRE_17_17610"
"171","OG0001653",1.726252111,1.9682745,0.877038295,0.380465838,"01_14360"
"172","OG0004598",1.726816805,0.932947409,1.850926202,0.064180171,"3307_19380"
"173","OG0004725",1.726816805,0.932947409,1.850926202,0.064180171,"3058_36000"
"174","OG0004726",1.726816805,0.932947409,1.850926202,0.064180171,"3307_00600"
"175","OG0004807",1.726816805,0.932947409,1.850926202,0.064180171,"CFBP1156_19120"
"176","OG0004915",1.726816805,0.932947409,1.850926202,0.064180171,"2949_09100"
"177","OG0005090",1.726816805,0.932947409,1.850926202,0.064180171,"3307_01100"
"178","OG0004714",1.72681687,0.932947422,1.850926246,0.064180164,"01_19440"
"179","OG0006615",1.730216633,1.463969768,1.181866368,0.237258729,"FIJ080_31560"
"180","OG0004386",1.732622631,1.245421325,1.391193966,0.164166617,"01_17630"
"181","OG0000317",1.734249462,1.169572773,1.482805946,0.138125976,"01_24490"
"182","OG0004579",1.738675649,0.900734063,1.93028744,0.053571232,"BRE_17_17570"
"183","OG0006760",1.740594637,1.516623811,1.147677245,0.251101828,"CFBP2533_25330"
"184","OG0004321",1.742406747,0.868066006,2.007228408,0.044725348,"18048_35720"
"185","OG0005776",1.743034419,1.616789392,1.07808378,0.280996369,"3058_04360"
"186","OG0004640",1.744181959,1.429624985,1.220027613,0.222454407,"3307_07120"
"187","OG0008160",1.744916656,2.37590329,0.734422425,0.462691324,"BB151-3_32920"
"188","OG0004455",1.747482298,1.105260384,1.58105938,0.113864461,"01_03960"
"189","OG0005499",1.749644463,1.498985896,1.167218763,0.243122035,"SHQP01_02690"
"190","OG0004707",1.751907062,0.885323299,1.978833116,0.047834799,"AR81009_37000"
"191","OG0003992",1.752390848,0.529459567,3.30977275,0.000933717,"17_10200"
"192","OG0004407",1.753655332,1.262586088,1.388939216,0.164851234,"3640_04580"
"193","OG0004447",1.753655332,1.262586088,1.388939216,0.164851234,"2949_03360"
"194","OG0005625",1.758320086,1.48521766,1.183880406,0.236460407,"AmX2_24040"
"195","OG0004271",1.759605142,1.488269705,1.182316038,0.237080324,"1314C_01560"
"196","OG0006613",1.76061506,1.466212415,1.200791265,0.229832181,"FIJ080_31340"
"197","OG0005827",1.761529696,1.627795269,1.082156786,0.279182867,"BRIP62418_22210"
"198","OG0006804",1.761952696,1.461035443,1.205961638,0.227832282,"CFBP7700_22050"
"199","OG0006602",1.762256955,1.473673326,1.195826052,0.231764447,"D-109_18040"
"200","OG0006991",1.763049219,1.539153548,1.145466755,0.252015859,"CFBP1022_39410"
"201","OG0003440",1.763138095,0.50512169,3.490521456,0.000482079,"01_36720"
"202","OG0006912",1.763447594,1.596756534,1.104393535,0.269422464,"85-10_02200"
"203","OG0006362",1.763568556,1.440175902,1.224550802,0.220744514,"A2111_17700"
"204","OG0007127",1.763793476,1.596976126,1.104458262,0.2693944,"LMG31887_21360"
"205","OG0004574",1.766073722,0.921037883,1.917482174,0.055176704,"85-10_21930"
"206","OG0004575",1.766073722,0.921037883,1.917482174,0.055176704,"A2111_07850"
"207","OG0004576",1.766073722,0.921037883,1.917482174,0.055176704,"ATCC23378_01930"
"208","OG0006324",1.766394392,1.88284038,0.938154084,0.348165231,"3075_05370"
"209","OG0004911",1.767786868,0.938899175,1.882829291,0.059723506,"17_08500"
"210","OG0004544",1.767979514,0.913436794,1.93552474,0.052925936,"3307_08400"
"211","OG0004413",1.768745984,0.761776541,2.32186985,0.020239945,"01_00700"
"212","OG0007742",1.769616611,1.934842595,0.914604948,0.36039906,"CFBP6992_27190"
"213","OG0005311",1.769656465,1.416895701,1.248967347,0.211677017,"AmX2_27860"
"214","OG0006177",1.771816435,1.522092091,1.164066514,0.244397058,"BP5178_03420"
"215","OG0005627",1.773619669,1.458748963,1.215849823,0.224042135,"AmX2_32450"
"216","OG0005841",1.77430627,1.410710646,1.257739335,0.208486042,"CFBP8700_35770"
"217","OG0000291",1.774779632,1.065555754,1.665590585,0.095794988,"01_31600"
"218","OG0006603",1.775039944,1.434195788,1.237655248,0.215843919,"DC06T4A_17030"
"219","OG0006665",1.775792177,1.42806859,1.243492216,0.213686507,"3640_31190"
"220","OG0006449",1.779133328,1.359168091,1.308986976,0.190538763,"01_05420"
"221","OG0007752",1.779272654,1.836949074,0.968602058,0.332743776,"CFBP7319_05540"
"222","OG0004411",1.782120368,0.774967049,2.299607927,0.021470443,"ATCC23378_03390"
"223","OG0004535",1.782378598,0.932131236,1.912154136,0.055856427,"01_20960"
"224","OG0004674",1.782378598,0.932131236,1.912154136,0.055856427,"01_36180"
"225","OG0004683",1.782378598,0.932131236,1.912154136,0.055856427,"2957_08660"
"226","OG0004916",1.782378598,0.932131236,1.912154136,0.055856427,"2949_24050"
"227","OG0005051",1.782378598,0.932131236,1.912154136,0.055856427,"3307_37730"
"228","OG0005089",1.782378617,0.932131233,1.912154162,0.055856424,"3307_00340"
"229","OG0006574",1.784755435,1.420721274,1.256231935,0.209031892,"CFBP4690_33260"
"230","OG0005496",1.785687226,1.538141879,1.160937915,0.245667148,"CFBP4690_32960"
"231","OG0004267",1.787918546,1.438619331,1.242801698,0.213940917,"01_34190"
"232","OG0004280",1.787918546,1.438619331,1.242801698,0.213940917,"85-10_45300"
"233","OG0004295",1.787918546,1.438619331,1.242801698,0.213940917,"01_38980"
"234","OG0001924",1.788719517,1.412780337,1.266098819,0.205477705,"01_21550"
"235","OG0005510",1.789201562,1.068976278,1.673752355,0.09417928,"2768_33130"
"236","OG0004219",1.790007473,1.389579132,1.288165194,0.197688465,"17_10250"
"237","OG0004549",1.795612646,0.897338359,2.001043005,0.045387756,"85-10_37870"
"238","OG0006364",1.799848038,1.357352333,1.325999149,0.184839979,"A7_39780"
"239","OG0004425",1.801063698,0.921004881,1.955541968,0.050519135,"17_10570"
"240","OG0006995",1.801627327,1.567977025,1.149013855,0.250550267,"CFBP1606R_10080"
"241","OG0004340",1.801836097,0.884831112,2.036361597,0.041714059,"1311A_39930"
"242","OG0006316",1.802110252,1.615641536,1.115414659,0.264672771,"3058_25680"
"243","OG0003773",1.802418233,0.663388073,2.716989204,0.006587876,"1311A_40360"
"244","OG0006997",1.802692066,1.568635495,1.149210299,0.250469275,"CFBP1976_36250"
"245","OG0004599",1.802720654,0.922724235,1.95369384,0.050737435,"3307_20820"
"246","OG0004610",1.802720654,0.922724235,1.95369384,0.050737435,"1311A_22900"
"247","OG0005528",1.803436713,1.566047064,1.151585259,0.249491542,"71_40520"
"248","OG0004540",1.803973367,0.922788344,1.954915642,0.050593028,"18048_13830"
"249","OG0004642",1.804635599,0.905679746,1.99257586,0.046307911,"85-10_22820"
"250","OG0004730",1.804635599,0.905679746,1.99257586,0.046307911,"3307_25980"
"251","OG0007396",1.806765161,1.730615224,1.044001657,0.296484623,"CFBP8700_17050"
"252","OG0006569",1.807942458,1.450241288,1.246649418,0.212526073,"CFBP4644_10290"
"253","OG0000209",1.808405604,0.913414748,1.979829653,0.047722673,"01_14740"
"254","OG0006791",1.809012915,1.558647312,1.160630055,0.245792378,"CFBP6827_20590"
"255","OG0006917",1.809063915,1.563328104,1.157187611,0.247195718,"85-10_24000"
"256","OG0004919",1.809132932,1.582914366,1.1429127,0.253074839,"3058_07040"
"257","OG0004191",1.81014304,1.246711154,1.451934584,0.146519795,"3058_17030"
"258","OG0000384",1.811671599,1.707987747,1.060705267,0.288823866,"01_15930"
"259","OG0006686",1.814636727,1.628083216,1.114584752,0.265028408,"A2111_00630"
"260","OG0006687",1.814636727,1.628083216,1.114584752,0.265028408,"A2111_35780"
"261","OG0007217",1.814706964,1.653318473,1.097614884,0.272372691,"A2111_39160"
"262","OG0005976",1.816637869,1.562582666,1.162586728,0.244997218,"3058_04350"
"263","OG0004367",1.816906828,0.761208635,2.386871015,0.016992452,"1314C_40150"
"264","OG0004368",1.816906828,0.761208635,2.386871015,0.016992452,"17_10170"
"265","OG0005844",1.821061858,1.379256091,1.320321781,0.186727606,"01_02790"
"266","OG0008590",1.821315664,2.445103631,0.74488281,0.456342568,"DE0062_34390"
"267","OG0006664",1.822354687,1.503254541,1.212272864,0.225407948,"3640_03830"
"268","OG0006099",1.829783698,1.417168117,1.291154999,0.196649936,"01_36490"
"269","OG0006994",1.830782335,1.585995772,1.154342507,0.248359776,"CFBP1156_42420"
"270","OG0006996",1.830984386,1.58614061,1.154364484,0.24835077,"CFBP1817_08770"
"271","OG0008536",1.831399423,2.481084868,0.73814461,0.460426578,"DE0062_11770"
"272","OG0008943",1.831399423,2.481084868,0.73814461,0.460426578,"XarboCFBP6681_39110"
"273","OG0006993",1.833239366,1.58753399,1.154771726,0.248183918,"CFBP1156_34230"
"274","OG0006916",1.833857468,1.578652424,1.161660059,0.245373576,"85-10_23640"
"275","OG0006762",1.833943852,1.578706737,1.161674813,0.245367581,"CFBP410_21350"
"276","OG0006915",1.834448958,1.579231547,1.161608607,0.245394484,"85-10_23480"
"277","OG0003537",1.834682661,0.667828936,2.747234453,0.006010015,"17_21410"
"278","OG0006914",1.83517744,1.579482631,1.161885167,0.245282113,"85-10_23280"
"279","OG0006572",1.835186989,1.459990467,1.256985597,0.208758851,"CFBP4690_16250"
"280","OG0004537",1.836403348,0.931242496,1.97199264,0.048610447,"01_31810"
"281","OG0004539",1.836403348,0.931242496,1.97199264,0.048610447,"1311A_04980"
"282","OG0004541",1.836403348,0.931242496,1.97199264,0.048610447,"2955_11480"
"283","OG0004545",1.836403348,0.931242496,1.97199264,0.048610447,"3307_22380"
"284","OG0004572",1.836403348,0.931242496,1.97199264,0.048610447,"3307_34220"
"285","OG0004573",1.836403348,0.931242496,1.97199264,0.048610447,"71_00410"
"286","OG0004582",1.836828531,0.931177748,1.972586368,0.048542707,"01_06190"
"287","OG0004605",1.836828531,0.931177748,1.972586368,0.048542707,"BRE_17_17600"
"288","OG0004643",1.836828531,0.931177748,1.972586368,0.048542707,"85-10_45160"
"289","OG0004708",1.836828531,0.931177748,1.972586368,0.048542707,"AmX2_31980"
"290","OG0004808",1.836828531,0.931177748,1.972586368,0.048542707,"01_17410"
"291","OG0004817",1.836828531,0.931177748,1.972586368,0.048542707,"18048_24880"
"292","OG0005027",1.836828531,0.931177748,1.972586368,0.048542707,"BA29-1_24300"
"293","OG0005053",1.836828532,0.931177748,1.972586368,0.048542707,"3640_34390"
"294","OG0004543",1.836829725,0.931176947,1.972589347,0.048542368,"3058_02960"
"295","OG0004514",1.839260022,0.895123754,2.054755014,0.039902673,"01_29080"
"296","OG0004841",1.839455346,0.910299143,2.020715233,0.043309252,"8590_11140"
"297","OG0005113",1.845100843,1.003031241,1.8395248,0.065838034,"8590_11710"
"298","OG0000715",1.849677773,5.390318579,0.343148136,0.73148702,"01_08800"
"299","OG0004014",1.850659386,0.715995862,2.58473475,0.009745394,"01_13200"
"300","OG0004547",1.853745507,0.932295243,1.988367442,0.046771067,"71_28840"
"301","OG0006488",1.854005942,1.510899104,1.227087856,0.219789572,"84A_25460"
"302","OG0006690",1.855545611,1.545106898,1.200917304,0.229783281,"A7_21620"
"303","OG0006691",1.855545611,1.545106898,1.200917304,0.229783281,"A7_39680"
"304","OG0006720",1.855798877,1.541089307,1.204212416,0.228507488,"BB151-3_13400"
"305","OG0004396",1.857574628,0.922768571,2.013044967,0.044109899,"01_36690"
"306","OG0004397",1.857574628,0.922768571,2.013044967,0.044109899,"01_36710"
"307","OG0004460",1.857574628,0.922768571,2.013044967,0.044109899,"01_17620"
"308","OG0004485",1.857574631,0.922768589,2.013044932,0.044109903,"01_38570"
"309","OG0000249",1.859415312,1.132973719,1.641181328,0.100759781,"01_36540"
"310","OG0005043",1.861860489,1.498050496,1.242855628,0.213921039,"3307_06880"
"311","OG0006236",1.862843284,1.409918512,1.321241808,0.18642075,"CCUG18839_37920"
"312","OG0000634",1.863700577,1.156083162,1.61208176,0.106944149,"01_36310"
"313","OG0004516",1.864928609,0.911738759,2.04546378,0.040809157,"17_38610"
"314","OG0006568",1.870645749,1.472822388,1.270109529,0.204045618,"CFBP4643_44380"
"315","OG0006086",1.87110187,1.619526063,1.155339153,0.247951568,"CFBP8591_08540"
"316","OG0002177",1.871350844,1.005327182,1.861434643,0.062682822,"01_04850"
"317","OG0004349",1.871859943,0.761781887,2.457212458,0.014001985,"2957_08880"
"318","OG0004432",1.872080318,0.91885262,2.037410873,0.041608885,"01_02170"
"319","OG0004508",1.876458266,0.921296243,2.036758838,0.041674215,"01_17460"
"320","OG0004637",1.877604012,0.93047933,2.017889008,0.043602822,"3058_02700"
"321","OG0004917",1.88190753,0.936130248,2.010305225,0.044398894,"2957_08970"
"322","OG0004918",1.88190753,0.936130248,2.010305225,0.044398894,"3046_39150"
"323","OG0000345",1.883226974,3.863768236,0.487406816,0.625970064,"01_16270"
"324","OG0005792",1.887136867,1.543287132,1.222803474,0.221403933,"85-10_46470"
"325","OG0003774",1.888959517,0.663591809,2.846568466,0.004419322,"17_10130"
"326","OG0004501",1.890041261,0.930399805,2.031429123,0.042211483,"01_06180"
"327","OG0004510",1.890041261,0.930399805,2.031429123,0.042211483,"01_17480"
"328","OG0004433",1.890041266,0.930399804,2.031429132,0.042211482,"01_07990"
"329","OG0004434",1.890041266,0.930399804,2.031429132,0.042211482,"01_17050"
"330","OG0004435",1.890041266,0.930399804,2.031429132,0.042211482,"01_17060"
"331","OG0004478",1.890041279,0.930399824,2.031429102,0.042211485,"01_17550"
"332","OG0004479",1.890041279,0.930399824,2.031429102,0.042211485,"01_17570"
"333","OG0004500",1.890041279,0.930399824,2.031429102,0.042211485,"01_00380"
"334","OG0004503",1.890041279,0.930399824,2.031429102,0.042211485,"01_17200"
"335","OG0004504",1.890041279,0.930399824,2.031429102,0.042211485,"01_17330"
"336","OG0004505",1.890041279,0.930399824,2.031429102,0.042211485,"01_17360"
"337","OG0004506",1.890041279,0.930399824,2.031429102,0.042211485,"01_17390"
"338","OG0004507",1.890041279,0.930399824,2.031429102,0.042211485,"01_17400"
"339","OG0004511",1.890041279,0.930399824,2.031429102,0.042211485,"01_17560"
"340","OG0004512",1.890041279,0.930399824,2.031429102,0.042211485,"01_23820"
"341","OG0004515",1.890041279,0.930399824,2.031429102,0.042211485,"1314C_01530"
"342","OG0004517",1.890041279,0.930399824,2.031429102,0.042211485,"18048_41300"
"343","OG0004520",1.890041279,0.930399824,2.031429102,0.042211485,"2949_03330"
"344","OG0004521",1.890041279,0.930399824,2.031429102,0.042211485,"3058_31920"
"345","OG0004602",1.890967501,0.930461709,2.032289434,0.042124363,"A7_05600"
"346","OG0004685",1.890967501,0.930461709,2.032289434,0.042124363,"2957_08690"
"347","OG0004143",1.89171246,0.901235869,2.099020385,0.035815104,"01_17020"
"348","OG0003941",1.892012715,0.843862333,2.24208694,0.024955754,"3307_22350"
"349","OG0005321",1.89243266,1.388705185,1.36273176,0.172967065,"01_22130"
"350","OG0006338",1.894762112,1.445235614,1.311040285,0.189844154,"71_11770"
"351","OG0006447",1.896325079,1.440575231,1.316366572,0.188051036,"01_02510"
"352","OG0004356",1.899326725,0.912211003,2.08211337,0.037332116,"01_07480"
"353","OG0007269",1.900089018,2.332701316,0.814544496,0.415333092,"CCUG18839_32980"
"354","OG0004063",1.903281733,1.339221409,1.421185264,0.155262907,"17_10680"
"355","OG0000989",1.905252817,5.285405248,0.360474311,0.718492464,"01_38070"
"356","OG0004049",1.908683533,0.913230903,2.090033886,0.036614756,"1314C_06330"
"357","OG0006448",1.911661245,1.60319793,1.192405011,0.233102477,"01_02920"
"358","OG0004148",1.913229375,0.971351515,1.969657066,0.048877687,"01_38800"
"359","OG0004269",1.914038617,1.234524645,1.550425603,0.121039397,"01_39470"
"360","OG0006668",1.914216694,1.590933824,1.203203216,0.228897691,"3640_31460"
"361","OG0006235",1.915487894,1.475885305,1.297856878,0.19433652,"Bagalkot_00960"
"362","OG0005991",1.91563967,1.460994768,1.311188591,0.189794056,"3376_33010"
"363","OG0005407",1.918986034,1.505913709,1.27430013,0.202557071,"3058_01680"
"364","OG0004480",1.919165371,0.911332324,2.105889718,0.035213933,"01_17580"
"365","OG0004484",1.930802216,0.920749383,2.096989965,0.035994464,"01_27520"
"366","OG0004334",1.933023922,0.763242174,2.532648206,0.01132045,"01_21100"
"367","OG0004329",1.935256537,1.228457938,1.575354335,0.115174679,"Bagalkot_02430"
"368","OG0004459",1.936682752,0.914248983,2.118331864,0.034146972,"01_17530"
"369","OG0007374",1.941495893,1.971585384,0.984738429,0.324752571,"CFBP7700_05570"
"370","OG0004398",1.942865424,0.929528348,2.090162639,0.036603192,"1311A_14230"
"371","OG0004477",1.942865479,0.929528387,2.09016261,0.036603195,"01_17450"
"372","OG0004523",1.942870952,0.929528841,2.090167477,0.036602758,"3307_29680"
"373","OG0008147",1.943259112,2.054505845,0.945852316,0.344223918,"BB151-3_19670"
"374","OG0004604",1.943924724,0.929611022,2.091116261,0.036517643,"ATCC23378_34000"
"375","OG0008857",1.9468822,2.631852551,0.739738326,0.459458788,"NCPPB2983_26630"
"376","OG0009817",1.95197827,2.608984041,0.748175627,0.45435423,"DE0062_04520"
"377","OG0005592",1.952741334,1.22951835,1.588216503,0.112237391,"18048_02840"
"378","OG0005973",1.955643195,1.361766203,1.436107894,0.150971642,"2974_39280"
"379","OG0004284",1.957511724,1.003143826,1.951376934,0.051012223,"01_07690"
"380","OG0004179",1.957865835,1.011319055,1.935952681,0.052873497,"01_36330"
"381","OG0004196",1.957865835,1.011319055,1.935952681,0.052873497,"01_17350"
"382","OG0006600",1.960283581,1.557620314,1.258511823,0.208206714,"CFBP8700_44580"
"383","OG0004923",1.96035754,1.31994178,1.485184854,0.137494863,"3307_02150"
"384","OG0004359",1.965725235,0.791581583,2.483288237,0.013017571,"01_17970"
"385","OG0004360",1.965725235,0.791581583,2.483288237,0.013017571,"01_19670"
"386","OG0004361",1.965725235,0.791581583,2.483288237,0.013017571,"01_20840"
"387","OG0004362",1.965725235,0.791581583,2.483288237,0.013017571,"01_22210"
"388","OG0005381",1.967831377,1.490500399,1.320248809,0.186751961,"01_02660"
"389","OG0008066",1.968559799,2.682050033,0.733975793,0.462963492,"85-10_23530"
"390","OG0007095",1.970016069,1.896794779,1.038602643,0.298989576,"F10_17840"
"391","OG0004303",1.977787934,1.211646954,1.632313709,0.102613417,"ATCC23378_00400"
"392","OG0004330",1.977787934,1.211646954,1.632313709,0.102613417,"01_17640"
"393","OG0004345",1.977787934,1.211646954,1.632313709,0.102613417,"18048_21830"
"394","OG0006315",1.981130373,1.644056515,1.205025712,0.228193376,"3058_13480"
"395","OG0003582",1.981635858,0.734440704,2.698156362,0.006972468,"17_28180"
"396","OG0005441",1.982312129,1.41423688,1.401683237,0.161009858,"01_31440"
"397","OG0005397",1.987786889,1.596929043,1.244755925,0.213221482,"18048_03640"
"398","OG0004313",1.987819859,1.19436453,1.664332629,0.096045975,"01_35390"
"399","OG0006601",1.988156977,1.562115716,1.272733483,0.203112632,"CN03_21790"
"400","OG0007458",1.98943686,2.194243436,0.906661871,0.364585632,"JAI131_05160"
"401","OG0007459",1.98943686,2.194243436,0.906661871,0.364585632,"JAI131_05180"
"402","OG0006481",1.98985163,1.505325536,1.321874626,0.186209903,"3376_32900"
"403","OG0006154",1.99040505,1.468209437,1.35566834,0.175204717,"A2111_15110"
"404","OG0006479",1.990426288,1.482086077,1.342989667,0.17927532,"3307_33310"
"405","OG0005765",1.994886582,1.366988799,1.459329135,0.14447454,"18048_38700"
"406","OG0004502",1.99784199,0.929406894,2.149588091,0.031587811,"01_15770"
"407","OG0004458",1.997874375,0.9294189,2.149595165,0.031587251,"01_17520"
"408","OG0004463",1.997874377,0.929418901,2.149595166,0.031587251,"01_36090"
"409","OG0004375",1.998050796,0.916631419,2.179775595,0.0292741,"3307_19390"
"410","OG0008158",1.998867719,2.131250943,0.937884732,0.34830365,"BB151-3_22760"
"411","OG0006480",2.002356673,1.517235892,1.319739853,0.186921889,"3376_22760"
"412","OG0004235",2.005019847,0.916045359,2.188777912,0.028612986,"01_20330"
"413","OG0006153",2.010033896,1.355568436,1.482797801,0.138128141,"A2111_15080"
"414","OG0004355",2.011189776,0.920462688,2.184976971,0.028890535,"01_07020"
"415","OG0006335",2.012596416,1.518615752,1.325283511,0.185077136,"3790_10450"
"416","OG0006336",2.012596416,1.518615752,1.325283511,0.185077136,"3790_17710"
"417","OG0005742",2.014284766,1.406107333,1.432525611,0.151993454,"01_02780"
"418","OG0000666",2.018127938,1.825507607,1.105516038,0.268936049,"01_01710"
"419","OG0006265",2.029059591,1.462548609,1.387345062,0.165336569,"CFBP7614_30430"
"420","OG0004438",2.029529677,0.92299101,2.198861805,0.02788775,"01_17590"
"421","OG0004100",2.035046368,0.884876459,2.299808463,0.021459074,"1311A_21200"
"422","OG0003435",2.045241607,0.587150581,3.483334043,0.00049521,"01_18180"
"423","OG0006427",2.048202848,1.5769535,1.298835284,0.194000463,"CFBP8150_10680"
"424","OG0006186",2.051472851,1.480664188,1.385508522,0.165897029,"BP5178_36670"
"425","OG0005017",2.054721441,1.024650378,2.005290277,0.044932024,"85-10_44250"
"426","OG0004377",2.056201271,0.917570729,2.240918554,0.025031351,"3376_35390"
"427","OG0003641",2.056892378,0.593602947,3.465097986,0.000530038,"18048_41460"
"428","OG0003987",2.06655065,0.878942159,2.351179346,0.018714011,"2955_32090"
"429","OG0006069",2.06668573,1.38811693,1.48884124,0.13652918,"CFBP3122_12070"
"430","OG0005626",2.069680855,1.367054671,1.5139708,0.130033245,"AmX2_24060"
"431","OG0005018",2.071211846,1.014355209,2.041899945,0.041161457,"85-10_44260"
"432","OG0003557",2.073574927,0.701610728,2.955449287,0.00312214,"01_28270"
"433","OG0006180",2.075637782,1.489080193,1.393905978,0.163345999,"BP5178_16830"
"434","OG0000233",2.082704223,0.929450179,2.240791675,0.025039572,"01_14840"
"435","OG0004402",2.086547619,0.923334117,2.259796949,0.023833856,"2768_12700"
"436","OG0006035",2.090170456,1.487631139,1.40503274,0.160011543,"BA29-1_06950"
"437","OG0006421",2.091307583,1.667618868,1.254068075,0.209817263,"CFBP7111_20660"
"438","OG0006422",2.091307583,1.667618868,1.254068075,0.209817263,"CFBP7245_02300"
"439","OG0006070",2.092094063,1.538799782,1.359562231,0.173968497,"CFBP3123_36810"
"440","OG0004337",2.097027164,0.917938854,2.284495482,0.022342428,"01_30500"
"441","OG0003732",2.108811048,0.680160491,3.10046096,0.001932197,"18048_21460"
"442","OG0003556",2.110343998,0.690544221,3.056059167,0.00224267,"01_00530"
"443","OG0002801",2.113863653,0.376982537,5.607325131,2.05e-08,"1311A_20750"
"444","OG0006398",2.11522778,1.535812615,1.37726944,0.16842896,"CFBP1156_11240"
"445","OG0009597",2.115312744,2.812460686,0.752121711,0.451977869,"CFBP7697_27120"
"446","OG0003940",2.120057699,0.801233796,2.645991358,0.00814519,"3307_22340"
"447","OG0005800",2.123156221,1.49954854,1.415863618,0.156815439,"A7_23300"
"448","OG0003558",2.127542657,0.739471044,2.877114221,0.004013303,"1311A_20700"
"449","OG0005570",2.12786354,1.417018215,1.501648686,0.133187863,"CFBP1156_25210"
"450","OG0003473",2.136466673,0.691421872,3.089961079,0.002001827,"85-10_22850"
"451","OG0006264",2.137585505,1.489938966,1.434679912,0.151378331,"CFBP7119_48350"
"452","OG0005110",2.139746966,1.483136137,1.442717841,0.149099971,"84A_30210"
"453","OG0005894",2.1469857,1.40835734,1.524460901,0.127393617,"A7_23310"
"454","OG0005990",2.147839684,1.450674947,1.480579566,0.138718644,"3376_32830"
"455","OG0005442",2.15820073,1.381811785,1.561863021,0.118320262,"01_37000"
"456","OG0000131",2.160380191,0.654330754,3.30166384,0.000961132,"1311A_02980"
"457","OG0006318",2.161935241,1.605579038,1.346514366,0.17813669,"3075_05290"
"458","OG0006068",2.166434704,1.440135661,1.504326823,0.132497236,"CFBP2524_34720"
"459","OG0006152",2.170676785,1.487345337,1.459430255,0.144446724,"A2111_15070"
"460","OG0005898",2.182576006,1.34600022,1.621527229,0.104904615,"ATCC23378_06400"
"461","OG0006260",2.184212989,1.540298047,1.418045678,0.156177429,"CFBP4691_39520"
"462","OG0005979",2.184845679,1.491168039,1.465190792,0.142868871,"3075_40960"
"463","OG0006151",2.184845679,1.491168039,1.465190792,0.142868871,"A2111_15060"
"464","OG0001806",2.186261609,2.065490662,1.058470827,0.289840844,"01_37510"
"465","OG0003656",2.187872708,0.913202107,2.395825295,0.016582992,"01_11430"
"466","OG0004869",2.193697203,1.017861622,2.155201804,0.031146046,"3307_13850"
"467","OG0005907",2.194631508,1.51928152,1.44451932,0.148592949,"B99_03960"
"468","OG0006284",2.196492367,1.569070478,1.399868519,0.161552695,"01_13360"
"469","OG0005400",2.203846614,1.446626078,1.52343902,0.127648906,"2949_03760"
"470","OG0004933",2.205562053,1.275894356,1.728640026,0.083873541,"84A_30090"
"471","OG0005372",2.20713988,1.464941451,1.506640336,0.131902872,"AmX2_39460"
"472","OG0005684",2.207835823,1.502913319,1.469037366,0.141822655,"A1809_43710"
"473","OG0006188",2.22149263,1.537865318,1.444530028,0.148589939,"BP5178_36710"
"474","OG0005721",2.226391596,1.498094157,1.486149309,0.137239632,"BRIP62412_08060"
"475","OG0004046",2.226694043,0.81923281,2.718023516,0.006567317,"2949_30930"
"476","OG0003737",2.228492827,0.795448274,2.801555929,0.005085682,"18048_08610"
"477","OG0006155",2.235666136,1.541645412,1.450181812,0.147007826,"A2111_15120"
"478","OG0006187",2.236708351,1.542166544,1.450367575,0.146956044,"BP5178_36690"
"479","OG0005569",2.236708485,1.542166628,1.450367583,0.146956042,"CFBP1156_22330"
"480","OG0006176",2.246163151,1.514064159,1.483532345,0.13793303,"BB151-3_24010"
"481","OG0006304",2.248437861,1.727944323,1.301221244,0.193182736,"2957_09610"
"482","OG0004224",2.252308319,1.43428051,1.570340183,0.11633599,"84A_03310"
"483","OG0006018",2.255747896,1.444972936,1.561100447,0.118500053,"A2111_27530"
"484","OG0006004",2.260878247,1.540075991,1.468030318,0.142095988,"85-10_47380"
"485","OG0005985",2.261759891,1.513408711,1.494480556,0.13505006,"3307_16390"
"486","OG0006417",2.262070773,1.703125904,1.328187639,0.184116127,"CFBP4644_27550"
"487","OG0005986",2.263038282,1.460208567,1.549804824,0.121188369,"3307_20930"
"488","OG0005987",2.263038282,1.460208567,1.549804824,0.121188369,"3307_23720"
"489","OG0005136",2.263391887,1.478622148,1.530743936,0.12583269,"2949_19760"
"490","OG0005897",2.264033247,1.450837691,1.56050071,0.118641602,"AR81009_42380"
"491","OG0004496",2.270476736,0.922250147,2.46188818,0.013820775,"85-10_46720"
"492","OG0004001",2.271725744,0.846414328,2.683940557,0.007276004,"2949_15780"
"493","OG0005983",2.271855671,1.452879766,1.563691452,0.117890046,"3307_11050"
"494","OG0005205",2.277809742,1.498815038,1.519740384,0.128576238,"3307_37440"
"495","OG0003620",2.27799126,0.823528698,2.766134642,0.005672511,"18048_30450"
"496","OG0005892",2.280378547,1.455458612,1.566776636,0.11716691,"A7_21590"
"497","OG0005567",2.281892123,1.449309353,1.574468638,0.115379146,"CCUG18839_43230"
"498","OG0005988",2.295356615,1.48649596,1.544139155,0.122554625,"3307_23730"
"499","OG0005802",2.302616214,1.403596241,1.640511813,0.100898794,"A7_29430"
"500","OG0004182",2.310572649,1.392602366,1.659176162,0.0970803,"17_32820"
"501","OG0005604",2.312132929,1.455705431,1.588324725,0.112212929,"3075_37100"
"502","OG0005328",2.314938241,1.388483493,1.667242176,0.095466259,"17_05470"
"503","OG0005181",2.319597555,1.872845505,1.23854186,0.215515211,"1311A_21100"
"504","OG0005532",2.320536841,1.427989535,1.625037708,0.104154524,"A1809_00230"
"505","OG0005984",2.321029554,1.513941215,1.533104147,0.125250196,"3307_14100"
"506","OG0000284",2.324002582,1.027297534,2.26224877,0.023682038,"01_22590"
"507","OG0003474",2.332188329,0.68991388,3.380404997,0.000723791,"17_00010"
"508","OG0006211",2.337180794,1.744758375,1.339544104,0.180393607,"BRIP62418_21870"
"509","OG0003552",2.33721035,0.75055998,3.113955461,0.001845974,"1311A_21020"
"510","OG0005981",2.339385435,1.533156523,1.525862102,0.127044211,"3307_00370"
"511","OG0005530",2.341226596,1.365081802,1.715081538,0.086330279,"85-10_24320"
"512","OG0005221",2.341835218,1.365739154,1.714701677,0.086399936,"01_00970"
"513","OG0004098",2.34346036,0.837242925,2.799020799,0.005125784,"01_27260"
"514","OG0005743",2.345190559,1.446978634,1.620749958,0.105071275,"01_02810"
"515","OG0003521",2.350945607,0.685135792,3.431357164,0.000600569,"1311A_06450"
"516","OG0005906",2.353395509,1.479794895,1.590352499,0.111755371,"AmX2_41560"
"517","OG0005902",2.355894024,1.483802578,1.587740889,0.112344943,"AmX2_13030"
"518","OG0005903",2.360645888,1.487191073,1.58731849,0.11244053,"AmX2_16640"
"519","OG0005982",2.360919165,1.525508491,1.547627679,0.121711963,"3307_01080"
"520","OG0004628",2.361145764,1.335950542,1.767390102,0.07716292,"01_17540"
"521","OG0006591",2.363311496,2.016906939,1.171750392,0.241297285,"CFBP8304_27440"
"522","OG0005727",2.36480494,1.415384665,1.67078604,0.094763947,"BRIP62416_05390"
"523","OG0005667",2.369404783,1.492982561,1.587027768,0.112506356,"3307_10020"
"524","OG0005379",2.369856051,1.404879197,1.686875325,0.091627328,"01_00810"
"525","OG0003615",2.372710527,0.808500311,2.93470577,0.003338641,"01_04290"
"526","OG0004029",2.373101711,1.466606187,1.618090617,0.10564307,"2949_03560"
"527","OG0005924",2.375995496,1.498190142,1.585910513,0.112759611,"CFBP1156_23310"
"528","OG0005602",2.381209954,1.413071874,1.685130104,0.091963473,"3058_25650"
"529","OG0005202",2.383730303,1.464768481,1.62737684,0.103657087,"3307_27380"
"530","OG0005760",2.384871751,1.507221477,1.58229682,0.113581826,"18048_02470"
"531","OG0005382",2.387299303,1.709978582,1.39609895,0.1626847,"01_02850"
"532","OG0006137",2.390258065,1.73323911,1.379070003,0.167873171,"71_16370"
"533","OG0005605",2.391224138,1.449506198,1.649681899,0.099008014,"3140_35370"
"534","OG0006871",2.393747793,2.115761566,1.131388258,0.257891712,"2949_21150"
"535","OG0005905",2.40277336,1.522150135,1.578539005,0.114441835,"AmX2_37020"
"536","OG0005900",2.403310837,1.522114814,1.578928747,0.114352401,"AmX2_02620"
"537","OG0005405",2.403510762,1.396288425,1.721356934,0.085186074,"3046_00790"
"538","OG0005813",2.406163603,1.509085767,1.594451194,0.110835014,"BB151-3_21970"
"539","OG0005719",2.408804853,1.526766929,1.577716157,0.114630833,"BRIP62412_07940"
"540","OG0005806",2.408804853,1.526766929,1.577716157,0.114630833,"ATCC23378_28730"
"541","OG0005896",2.422004451,1.537461146,1.575327258,0.115180925,"AR81009_24550"
"542","OG0005901",2.422004451,1.537461146,1.575327258,0.115180925,"AmX2_07080"
"543","OG0005908",2.422004451,1.537461146,1.575327258,0.115180925,"BA29-1_02540"
"544","OG0005196",2.428883678,1.530503629,1.586983286,0.11251643,"3140_01410"
"545","OG0005842",2.438627049,1.494698221,1.631517998,0.102781065,"DE0062_02820"
"546","OG0005662",2.438639448,1.430689734,1.704520128,0.088283959,"3140_25090"
"547","OG0003743",2.44871161,0.925084541,2.647013868,0.008120602,"1311A_14280"
"548","OG0005048",2.449738698,1.499780786,1.633397841,0.102385351,"3307_30510"
"549","OG0005508",2.455090493,1.529995509,1.60463902,0.108573269,"1314C_37160"
"550","OG0005668",2.456415092,1.430012702,1.717757534,0.08584085,"3307_29080"
"551","OG0004156",2.457480955,1.313728503,1.870615541,0.061398389,"3058_17000"
"552","OG0005718",2.460373779,1.512791881,1.62637955,0.103868938,"BRIP62412_07920"
"553","OG0005808",2.465618718,1.49191032,1.652658799,0.098400324,"AmX2_08720"
"554","OG0005868",2.46862953,1.918996719,1.286416754,0.198297654,"3272_30630"
"555","OG0005536",2.472119032,1.456565519,1.697224738,0.08965418,"A2111_26740"
"556","OG0004298",2.474035107,1.426269153,1.734620076,0.082808121,"3058_00460"
"557","OG0005799",2.480589782,1.530189943,1.621099259,0.104996353,"A2111_34260"
"558","OG0003520",2.481314385,0.683176554,3.632025089,0.000281206,"01_21880"
"559","OG0005745",2.488386623,1.50286015,1.655767254,0.097768962,"01_13160"
"560","OG0004281",2.49032831,0.978843687,2.544153213,0.010954302,"ATCC23378_33940"
"561","OG0003758",2.490345799,0.953481293,2.611845472,0.009005495,"17_31200"
"562","OG0001528",2.490384986,2.083068228,1.195536926,0.231877318,"01_39290"
"563","OG0004957",2.49161912,1.449290824,1.719198851,0.08557817,"01_07590"
"564","OG0005798",2.491903746,1.537836207,1.62039607,0.105147224,"A2111_34250"
"565","OG0005801",2.491903746,1.537836207,1.62039607,0.105147224,"A7_23320"
"566","OG0005803",2.491903746,1.537836207,1.62039607,0.105147224,"AR81009_24560"
"567","OG0005804",2.491903746,1.537836207,1.62039607,0.105147224,"AR81009_32800"
"568","OG0005807",2.491903746,1.537836207,1.62039607,0.105147224,"ATCC23378_31130"
"569","OG0005809",2.491903746,1.537836207,1.62039607,0.105147224,"AmX2_11610"
"570","OG0005810",2.491903746,1.537836207,1.62039607,0.105147224,"AmX2_41800"
"571","OG0005811",2.491903746,1.537836207,1.62039607,0.105147224,"BA29-1_06130"
"572","OG0005812",2.491903746,1.537836207,1.62039607,0.105147224,"BB151-3_21210"
"573","OG0005814",2.491903746,1.537836207,1.62039607,0.105147224,"BB151-3_40210"
"574","OG0005815",2.491903746,1.537836207,1.62039607,0.105147224,"BB151-3_45490"
"575","OG0005816",2.491903746,1.537836207,1.62039607,0.105147224,"BP5178_27070"
"576","OG0005817",2.491903746,1.537836207,1.62039607,0.105147224,"BRE_17_32590"
"577","OG0005818",2.491903746,1.537836207,1.62039607,0.105147224,"BRIP62409_28290"
"578","OG0005819",2.491903746,1.537836207,1.62039607,0.105147224,"BRIP62412_07950"
"579","OG0005820",2.491903746,1.537836207,1.62039607,0.105147224,"BRIP62415_34190"
"580","OG0005821",2.491903746,1.537836207,1.62039607,0.105147224,"BRIP62416_05400"
"581","OG0005822",2.491903746,1.537836207,1.62039607,0.105147224,"BRIP62418_21330"
"582","OG0005823",2.491903746,1.537836207,1.62039607,0.105147224,"BRIP62418_21350"
"583","OG0005724",2.496332692,1.486001287,1.679899415,0.092976888,"BRIP62412_08160"
"584","OG0005726",2.496717604,1.502456604,1.661756883,0.096561531,"BRIP62412_08230"
"585","OG0005666",2.499928661,1.469480796,1.701232618,0.088899315,"3307_04760"
"586","OG0004207",2.500557853,1.105659294,2.261598908,0.023722196,"2955_25680"
"587","OG0003694",2.504199354,0.551600034,4.539882526,5.63e-06,"18048_05950"
"588","OG0005740",2.506696701,1.501084164,1.669924153,0.094934371,"D-109_12090"
"589","OG0005744",2.507322576,1.501709125,1.669645961,0.094989431,"01_05440"
"590","OG0005256",2.510721725,1.507879393,1.665068,0.09589919,"85-10_24150"
"591","OG0005600",2.512408242,1.522756482,1.649908092,0.098961735,"3058_08490"
"592","OG0005104",2.518554561,1.465623418,1.718418613,0.085720288,"3307_38760"
"593","OG0005664",2.520812219,1.516610509,1.662135534,0.096485602,"3272_30580"
"594","OG0005004",2.525261647,1.511420852,1.670786561,0.094763844,"3307_03750"
"595","OG0003444",2.525381283,0.683081979,3.697039831,0.000218128,"01_34810"
"596","OG0005526",2.545816221,1.424331856,1.787375752,0.073876778,"3640_40330"
"597","OG0003410",2.546197491,0.679734856,3.745868657,0.000179771,"01_04440"
"598","OG0003486",2.546615956,0.77066259,3.30444995,0.00095163,"18048_41910"
"599","OG0003454",2.549645198,0.692902229,3.67966084,0.000233544,"1311A_03500"
"600","OG0005317",2.553483583,1.463348752,1.744959005,0.080992005,"CFBP8700_00890"
"601","OG0005717",2.555831638,1.53538745,1.664616731,0.095989245,"BRIP62409_24290"
"602","OG0005723",2.555831638,1.53538745,1.664616731,0.095989245,"BRIP62412_08150"
"603","OG0005720",2.555831652,1.535387459,1.664616731,0.095989245,"BRIP62412_07960"
"604","OG0005725",2.555831652,1.535387459,1.664616731,0.095989245,"BRIP62412_08220"
"605","OG0003775",2.555984119,1.008492632,2.534459883,0.011262082,"BB151-3_04990"
"606","OG0004591",2.559310457,1.397197831,1.831745227,0.066989387,"2768_06300"
"607","OG0003453",2.559963582,0.686021684,3.731607382,0.000190262,"1311A_33420"
"608","OG0005470",2.564805868,1.471663281,1.742793954,0.081369613,"85-10_46750"
"609","OG0005665",2.568943787,1.511149725,1.69999289,0.089132263,"3307_03380"
"610","OG0005178",2.571913169,1.440370033,1.785591972,0.074165348,"01_31300"
"611","OG0006470",2.573844702,2.153375378,1.19526058,0.231985236,"3058_13520"
"612","OG0002025",2.574406753,1.111048949,2.31709571,0.020498519,"01_05600"
"613","OG0005222",2.575326375,1.480283495,1.739752138,0.08190255,"01_05820"
"614","OG0005073",2.576006556,1.40040383,1.839474086,0.065845486,"01_01410"
"615","OG0004854",2.577839003,1.504307521,1.713638313,0.086595173,"1314C_01120"
"616","OG0005445",2.580134607,1.4571442,1.770678981,0.0766141,"1314C_37260"
"617","OG0005563",2.581936422,1.495442536,1.726536701,0.084250903,"BRIP62418_21790"
"618","OG0005074",2.582026098,1.401827939,1.841899442,0.06548986,"01_18670"
"619","OG0003707",2.585310667,0.952416244,2.714475614,0.006638079,"17_13060"
"620","OG0004497",2.586667487,1.702018699,1.519764435,0.128570191,"85-10_46790"
"621","OG0005463",2.593966113,1.419959292,1.82678907,0.06773149,"3498_31810"
"622","OG0005204",2.594710842,1.412502857,1.836959713,0.066215843,"3307_35980"
"623","OG0005083",2.595213481,1.525614117,1.701094301,0.088925281,"2955_20360"
"624","OG0003917",2.599553098,1.011814284,2.56919984,0.010193366,"3058_30430"
"625","OG0005329",2.600047806,1.464586016,1.775278323,0.075851943,"17_39150"
"626","OG0000696",2.604333477,2.109677157,1.23447015,0.217027763,"01_05940"
"627","OG0005465",2.606943566,1.524783731,1.709713655,0.087318836,"756C_26820"
"628","OG0005444",2.61170002,1.528854182,1.708272804,0.087585735,"1314C_01510"
"629","OG0005238",2.612022215,1.80394361,1.447951145,0.147630714,"18048_27950"
"630","OG0004052",2.612661095,1.53001326,1.707606831,0.08770932,"3307_32830"
"631","OG0004074",2.612661095,1.53001326,1.707606831,0.08770932,"1311A_16930"
"632","OG0005459",2.614525903,1.531028606,1.707692392,0.087693434,"3272_13210"
"633","OG0005663",2.616664823,1.53217419,1.707811579,0.08767131,"3140_35350"
"634","OG0005380",2.617383065,1.455256701,1.798571389,0.072086507,"01_02650"
"635","OG0003717",2.617540185,0.978824738,2.674166357,0.007491528,"1311A_01200"
"636","OG0001385",2.619091732,2.18576837,1.198247613,0.230820634,"01_26750"
"637","OG0001053",2.620249783,2.187890915,1.197614454,0.231067147,"01_03620"
"638","OG0004118",2.620660791,1.500052216,1.747046378,0.080629294,"2768_03510"
"639","OG0004124",2.620660791,1.500052216,1.747046378,0.080629294,"01_04760"
"640","OG0004125",2.620660791,1.500052216,1.747046378,0.080629294,"01_05370"
"641","OG0004131",2.620660791,1.500052216,1.747046378,0.080629294,"1311A_11800"
"642","OG0004139",2.620660791,1.500052216,1.747046378,0.080629294,"3376_06280"
"643","OG0004141",2.620660791,1.500052216,1.747046378,0.080629294,"01_16940"
"644","OG0004142",2.620660791,1.500052216,1.747046378,0.080629294,"01_16950"
"645","OG0000608",2.622579329,2.188981849,1.198081807,0.230885171,"01_30000"
"646","OG0005105",2.622762674,1.412616741,1.856669681,0.063358164,"3307_39070"
"647","OG0005106",2.622762674,1.412616741,1.856669681,0.063358164,"3307_39090"
"648","OG0007510",2.628800287,3.618079811,0.726573327,0.467487373,"3058_33520"
"649","OG0005601",2.629466203,1.509580448,1.741852318,0.081534289,"3058_22130"
"650","OG0005612",2.633817454,1.515013012,1.738478437,0.082126546,"84A_03520"
"651","OG0003996",2.634987286,0.886855922,2.971155991,0.00296681,"18048_39090"
"652","OG0004866",2.63874583,2.02959619,1.300133417,0.193555246,"3307_01160"
"653","OG0003347",2.639209111,0.579260768,4.556167546,5.21e-06,"1311A_17010"
"654","OG0006049",2.639222328,1.888515605,1.397511528,0.162259802,"BRIP62418_21340"
"655","OG0006050",2.639222328,1.888515605,1.397511528,0.162259802,"BRIP62418_21380"
"656","OG0004989",2.640443297,1.474664368,1.790538481,0.073367387,"18048_27130"
"657","OG0005622",2.641983307,1.513126983,1.746042029,0.080803649,"ATCC23378_14050"
"658","OG0005123",2.644813448,1.471674777,1.797145327,0.072312551,"01_08360"
"659","OG0005322",2.648944245,1.498033405,1.768281159,0.077013912,"01_22730"
"660","OG0001906",2.649052597,2.273808992,1.16502864,0.2440074,"01_15040"
"661","OG0005325",2.657648167,1.448545264,1.834701499,0.06654993,"1311A_21060"
"662","OG0004155",2.663911717,1.06607052,2.498813792,0.012460977,"2768_14280"
"663","OG0000310",2.664241363,1.99457441,1.335744281,0.18163287,"01_14620"
"664","OG0005466",2.664458435,1.470480242,1.811964799,0.069991636,"756C_31920"
"665","OG0005467",2.664458435,1.470480242,1.811964799,0.069991636,"756C_31930"
"666","OG0005468",2.664458435,1.470480242,1.811964799,0.069991636,"85-10_24170"
"667","OG0005469",2.664458435,1.470480242,1.811964799,0.069991636,"85-10_45390"
"668","OG0005140",2.669969398,1.42497954,1.873689638,0.060973215,"3058_28990"
"669","OG0005141",2.669969398,1.42497954,1.873689638,0.060973215,"3075_11150"
"670","OG0005142",2.669969398,1.42497954,1.873689638,0.060973215,"3075_40170"
"671","OG0005143",2.669969398,1.42497954,1.873689638,0.060973215,"3140_02530"
"672","OG0005144",2.669969398,1.42497954,1.873689638,0.060973215,"3307_00310"
"673","OG0005145",2.669969398,1.42497954,1.873689638,0.060973215,"3307_12680"
"674","OG0005293",2.672769232,1.593319049,1.677485268,0.093447628,"2957_13080"
"675","OG0005603",2.678099058,1.530777102,1.749502951,0.080204119,"3058_32550"
"676","OG0004886",2.678105736,1.530782072,1.749501634,0.080204347,"3307_35100"
"677","OG0005375",2.678105736,1.530782072,1.749501634,0.080204347,"BRE_17_38120"
"678","OG0004140",2.679814339,1.498206052,1.788682094,0.073666028,"01_04750"
"679","OG0005125",2.680806272,1.477322762,1.814638169,0.069579533,"01_18620"
"680","OG0005460",2.683083025,1.461040276,1.836419617,0.06629562,"3307_14520"
"681","OG0000341",2.687408538,1.989723485,1.350644227,0.176809426,"01_08390"
"682","OG0005440",2.691536118,1.478050175,1.821004566,0.068606163,"01_18570"
"683","OG0005564",2.691848933,1.513906587,1.77808126,0.07539051,"BRIP62418_21810"
"684","OG0004887",2.696301026,1.515964429,1.778604414,0.07530464,"3307_35990"
"685","OG0005376",2.711435369,1.471852018,1.842192921,0.065446936,"BRIP62418_42650"
"686","OG0005461",2.714699412,1.496100293,1.814516998,0.069598168,"3307_23550"
"687","OG0006054",2.717407624,2.041367408,1.33117028,0.183132988,"BRIP62432_00800"
"688","OG0004901",2.718094089,1.478255369,1.838717549,0.065956741,"A2111_17420"
"689","OG0005462",2.727126391,1.513603812,1.80174387,0.071585712,"3498_24810"
"690","OG0000202",2.732758399,1.42307274,1.920322358,0.054817194,"01_07380"
"691","OG0005323",2.736084357,1.527614313,1.791083216,0.073279942,"01_27210"
"692","OG0005533",2.736965582,1.527690571,1.791570645,0.073201769,"A1809_00540"
"693","OG0000676",2.746115699,2.252798497,1.218979728,0.222851887,"01_03010"
"694","OG0005028",2.752302486,1.485957221,1.852208426,0.063995899,"BB151-3_13110"
"695","OG0004154",2.755605317,1.070676567,2.573704705,0.010061611,"2768_03490"
"696","OG0004272",2.757615634,1.377602044,2.001750538,0.045311568,"17_10710"
"697","OG0005486",2.757750561,1.518535295,1.816059574,0.069361234,"BRIP62412_08250"
"698","OG0005124",2.760912502,1.469708605,1.87854415,0.060306763,"01_18610"
"699","OG0005263",2.761526426,1.547048215,1.785029322,0.074256561,"AmX2_29140"
"700","OG0005264",2.761526426,1.547048215,1.785029322,0.074256561,"AmX2_29380"
"701","OG0000299",2.766564766,1.985617476,1.393301982,0.163528491,"01_15650"
"702","OG0004815",2.776377586,1.469205019,1.889714199,0.058796194,"1311A_03440"
"703","OG0005326",2.779509963,1.47989894,1.878175521,0.060357158,"1314C_03780"
"704","OG0004861",2.78431754,1.467601053,1.897189658,0.057802911,"2957_08960"
"705","OG0005228",2.786590498,1.521825979,1.831083537,0.067088075,"01_18430"
"706","OG0001783",2.788032592,2.342570807,1.190159369,0.23398376,"01_35170"
"707","OG0002019",2.788032592,2.342570807,1.190159369,0.23398376,"01_04160"
"708","OG0000975",2.789593247,2.343477189,1.19036501,0.233902959,"01_37170"
"709","OG0005275",2.794685516,1.525515143,1.831961832,0.066957107,"01_02890"
"710","OG0005471",2.795623538,1.52556455,1.832517371,0.066874376,"85-10_46760"
"711","OG0003959",2.798489847,1.516215252,1.845707489,0.064934689,"2768_24170"
"712","OG0005209",2.801926372,1.538604787,1.821082577,0.068594305,"85-10_21720"
"713","OG0004987",2.802921797,1.512795526,1.852809417,0.06390968,"18048_27100"
"714","OG0000238",2.805121893,1.387338479,2.021944849,0.04318205,"1311A_03940"
"715","OG0004955",2.808429171,1.510358788,1.85944505,0.062964081,"BB151-3_07850"
"716","OG0004995",2.808429171,1.510358788,1.85944505,0.062964081,"2955_11400"
"717","OG0004004",2.808843741,0.958769725,2.929633327,0.003393622,"17_10160"
"718","OG0004945",2.81112315,1.510362903,1.861223646,0.0627126,"8590_03610"
"719","OG0004947",2.814234137,1.503946214,1.871233234,0.06131276,"A2111_02970"
"720","OG0005223",2.814408406,1.505792579,1.869054506,0.061615232,"01_05860"
"721","OG0005396",2.815007987,1.517061777,1.855565824,0.063515469,"18048_02360"
"722","OG0005026",2.815615672,1.410155249,1.996670703,0.045860967,"ATCC23378_30000"
"723","OG0005277",2.817610907,1.464510424,1.923926837,0.054363755,"01_05830"
"724","OG0004857",2.819042147,1.46576943,1.923250743,0.054448567,"2768_26990"
"725","OG0005327",2.824284138,1.517772024,1.860809195,0.062771127,"1314C_15240"
"726","OG0004759",2.824308869,1.495770074,1.888197203,0.058999481,"2949_19480"
"727","OG0001084",2.82461324,2.27631568,1.240870616,0.214653549,"01_05630"
"728","OG0005091",2.826414462,1.436602798,1.967429317,0.049133737,"3307_03730"
"729","OG0005959",2.832116783,1.97070729,1.437106768,0.150687659,"17_22120"
"730","OG0003944",2.834598476,1.062070902,2.668935257,0.007609212,"1311A_19420"
"731","OG0004728",2.836035736,1.424247271,1.991252358,0.04645315,"3307_21180"
"732","OG0005288",2.84029322,1.542916652,1.840859787,0.065642109,"18048_32080"
"733","OG0004949",2.842420496,1.515582886,1.875463574,0.060728976,"AR81009_24180"
"734","OG0001773",2.845685703,2.352285599,1.209753486,0.2263735,"01_33720"
"735","OG0004740",2.848725081,1.478033866,1.927374701,0.05393295,"74_01010"
"736","OG0005080",2.849272929,1.696798822,1.679204919,0.093112114,"17_29740"
"737","OG0003561",2.854701005,1.07168299,2.663755076,0.00772738,"17_28060"
"738","OG0003988",2.858853994,1.499891202,1.906040911,0.056644898,"3058_04390"
"739","OG0005315",2.859191518,1.511385724,1.891768244,0.058521866,"Bv5-3A_11840"
"740","OG0005274",2.871253006,1.510298596,1.90111612,0.057286805,"01_02840"
"741","OG0005707",2.871951882,1.799281072,1.59616634,0.110451661,"BA29-1_02400"
"742","OG0005708",2.871951882,1.799281072,1.59616634,0.110451661,"BA29-1_03420"
"743","OG0004112",2.874931204,1.108009285,2.59468151,0.009467861,"17_10600"
"744","OG0003673",2.877086192,0.935988599,3.073847477,0.002113174,"01_27980"
"745","OG0005273",2.883658579,1.520391366,1.896655456,0.057873426,"01_02830"
"746","OG0004826",2.891193095,1.496988374,1.931339712,0.053441055,"3307_13970"
"747","OG0005231",2.891918465,1.479178807,1.955083761,0.050573185,"01_27230"
"748","OG0004393",2.896746765,1.486269566,1.949004965,0.051294832,"01_32050"
"749","OG0004753",2.903849158,1.511273104,1.9214589,0.054673879,"01_29250"
"750","OG0004743",2.908151617,1.492727922,1.948212782,0.051389508,"85-10_21700"
"751","OG0004988",2.909480494,1.509317035,1.927680154,0.053894922,"18048_27110"
"752","OG0004876",2.932614426,1.514529505,1.936320433,0.052828468,"3307_14190"
"753","OG0004687",2.932908199,1.463524572,2.004003387,0.045069698,"2957_08730"
"754","OG0004783",2.941192014,1.521697069,1.932836748,0.053256312,"3058_18240"
"755","OG0004785",2.941192014,1.521697069,1.932836748,0.053256312,"3140_36240"
"756","OG0004794",2.941192014,1.521697069,1.932836748,0.053256312,"3307_25290"
"757","OG0004829",2.941192014,1.521697069,1.932836748,0.053256312,"3307_23740"
"758","OG0004925",2.941192014,1.521697069,1.932836748,0.053256312,"3307_13930"
"759","OG0005025",2.941192014,1.521697069,1.932836748,0.053256312,"AR81009_37010"
"760","OG0005224",2.941192014,1.521697069,1.932836748,0.053256312,"01_08950"
"761","OG0005225",2.941192014,1.521697069,1.932836748,0.053256312,"01_10910"
"762","OG0005226",2.941192014,1.521697069,1.932836748,0.053256312,"01_17740"
"763","OG0005229",2.941192014,1.521697069,1.932836748,0.053256312,"01_22110"
"764","OG0005172",2.944949016,1.477175128,1.993635664,0.046191885,"01_17340"
"765","OG0005173",2.944949016,1.477175128,1.993635664,0.046191885,"01_18140"
"766","OG0005174",2.944949016,1.477175128,1.993635664,0.046191885,"01_18190"
"767","OG0003321",2.950354777,0.60708054,4.859906686,1.17e-06,"1311A_30020"
"768","OG0003921",2.961098411,0.999877483,2.961461241,0.00306183,"1311A_36670"
"769","OG0004874",2.964228365,1.51773579,1.95305954,0.05081254,"3307_13950"
"770","OG0004673",2.971395101,1.500462509,1.980319456,0.047667644,"01_36170"
"771","OG0004828",2.974976892,1.479646907,2.010599203,0.044367808,"3307_23180"
"772","OG0003601",2.977409074,0.938161496,3.17366369,0.00150528,"17_11530"
"773","OG0004727",2.978026644,1.452352782,2.050484346,0.04031719,"3307_18320"
"774","OG0004676",2.979732708,1.483366536,2.008763603,0.04456221,"01_36200"
"775","OG0004300",2.99084616,1.51916617,1.968741944,0.048982732,"3307_15850"
"776","OG0005176",2.99292888,1.517887922,1.971771985,0.048635642,"01_18230"
"777","OG0005179",2.99292888,1.517887922,1.971771985,0.048635642,"01_31420"
"778","OG0004684",2.995733893,1.52095262,1.969643139,0.048879284,"2957_08680"
"779","OG0004791",2.995733907,1.520952629,1.969643136,0.048879284,"3307_16890"
"780","OG0004755",2.995733966,1.520952678,1.969643112,0.048879287,"1314C_37380"
"781","OG0004758",2.995733966,1.520952678,1.969643112,0.048879287,"17_38810"
"782","OG0004760",2.995733966,1.520952678,1.969643112,0.048879287,"2955_11570"
"783","OG0004764",2.995733966,1.520952678,1.969643112,0.048879287,"3307_05010"
"784","OG0004765",2.995733966,1.520952678,1.969643112,0.048879287,"3307_13660"
"785","OG0004859",2.995733966,1.520952678,1.969643112,0.048879287,"2949_13780"
"786","OG0005072",2.995733966,1.520952678,1.969643112,0.048879287,"CFBP6771_40610"
"787","OG0005122",2.995733966,1.520952678,1.969643112,0.048879287,"CFBP1817_32180"
"788","OG0005150",2.996951644,2.020209083,1.483485877,0.137945366,"3307_22960"
"789","OG0005121",3.001617048,1.478353076,2.030379005,0.042318029,"BRIP62409_24000"
"790","OG0004071",3.012943378,1.478489106,2.037852944,0.041564642,"01_08910"
"791","OG0004522",3.017164393,1.477648047,2.041869442,0.041164484,"3307_29170"
"792","OG0004680",3.018924712,1.51710219,1.989928386,0.046598825,"2768_03570"
"793","OG0004600",3.032902548,1.505789966,2.014160418,0.043992694,"85-10_24600"
"794","OG0005421",3.036475248,1.727259805,1.757972506,0.078752188,"A7_16520"
"795","OG0005633",3.042633251,1.989839427,1.529084815,0.126243419,"BRIP62412_25410"
"796","OG0004667",3.046099144,1.517017057,2.007953128,0.044648273,"ATCC23378_39710"
"797","OG0004958",3.053391343,1.522435289,2.0055968,0.044899284,"01_29710"
"798","OG0004754",3.053391397,1.522435339,2.00559677,0.044899287,"01_29680"
"799","OG0004787",3.053391397,1.522435339,2.00559677,0.044899287,"3307_07240"
"800","OG0003660",3.06154628,1.053215381,2.906856789,0.003650803,"17_00130"
"801","OG0004609",3.063271876,1.489610966,2.056424091,0.039741656,"01_38960"
"802","OG0004482",3.06553616,1.502795489,2.039889115,0.041361371,"01_24790"
"803","OG0004475",3.078291101,1.48171008,2.077525923,0.037753045,"85-10_46730"
"804","OG0004301",3.087668645,1.511566218,2.042694926,0.041082647,"85-10_24490"
"805","OG0004159",3.093902129,1.521265337,2.033768899,0.041974902,"3307_24520"
"806","OG0004990",3.099908218,1.516144193,2.044599869,0.040894322,"18048_27140"
"807","OG0004580",3.106030777,1.521429239,2.041521682,0.041199001,"BRE_17_17580"
"808","OG0004581",3.106030777,1.521429239,2.041521682,0.041199001,"01_02120"
"809","OG0004672",3.107433709,1.521692334,2.042090664,0.041142539,"01_36110"
"810","OG0004686",3.107433709,1.521692334,2.042090664,0.041142539,"2957_08710"
"811","OG0004723",3.107433709,1.521692334,2.042090664,0.041142539,"3058_00070"
"812","OG0004724",3.107433709,1.521692334,2.042090664,0.041142539,"3058_01650"
"813","OG0004786",3.107433709,1.521692334,2.042090664,0.041142539,"3307_01010"
"814","OG0004884",3.107433709,1.521692334,2.042090664,0.041142539,"3307_23520"
"815","OG0003389",3.145994251,0.727020997,4.327239877,1.51e-05,"1311A_03710"
"816","OG0004571",3.158678806,1.519179366,2.079200703,0.037598907,"3307_32570"
"817","OG0004641",3.158678806,1.519179366,2.079200703,0.037598907,"3307_18330"
"818","OG0004546",3.159080747,1.520161202,2.078122204,0.037698105,"3307_33530"
"819","OG0004495",3.162698704,1.457528124,2.169905781,0.030013984,"3307_27400"
"820","OG0004312",3.171190507,1.476229193,2.148169486,0.031700294,"01_33950"
"821","OG0004592",3.172813843,1.473917545,2.152639985,0.031346984,"2768_26920"
"822","OG0004426",3.182857587,1.516209005,2.099220871,0.035797435,"18048_05480"
"823","OG0004577",3.213596255,1.518894877,2.115746326,0.034366388,"ATCC23378_04040"
"824","OG0004548",3.265246547,1.517043379,2.1523752,0.031367815,"85-10_06740"
"825","OG0004873",3.266012392,1.517734529,2.151899643,0.031405259,"3307_13920"
"826","OG0004322",3.285979807,1.503937584,2.184917673,0.028894883,"2768_03810"
"827","OG0007507",3.288162418,5.061433923,0.649650369,0.515918089,"3004_20410"
"828","OG0004431",3.28819133,1.511619095,2.175277714,0.029609312,"BP5178_30760"
"829","OG0003598",3.354692924,0.668308141,5.019679871,5.18e-07,"01_36560"
"830","OG0003890",3.358298591,1.515181661,2.216432972,0.026661864,"01_13190"
"831","OG0004282",3.7315779,1.601938847,2.329413453,0.019837173,"01_03040"
"832","OG0003381",3.890762608,0.880838484,4.417112418,1e-05,"18048_41360"
"833","OG0004186",3.941032424,1.89051401,2.084635397,0.037102409,"18048_13840"
"834","OG0004187",3.941032424,1.89051401,2.084635397,0.037102409,"18048_36120"
"835","OG0004177",3.975849068,1.887362103,2.106564004,0.03515539,"01_17490"
"836","OG0004123",3.983413995,1.883408101,2.115003112,0.034429682,"01_04730"
"837","OG0010103",4.125702206,9.74208195,0.423492866,0.671935702,"DE0062_30600"
"838","OG0007773",4.126437554,8.459562707,0.487783789,0.625702995,"CFBP7764_35560"
"839","OG0007417",4.138529276,8.400419186,0.492657472,0.622254632,"DE0062_03720"
"840","OG0004939",4.311794923,3.168777508,1.360712424,0.173604587,"84A_30180"
"841","OG0004344",4.701901973,3.281073286,1.433037778,0.151847041,"18048_03900"
"842","OG0000732",6.091300983,45.3947698,0.134185084,0.893256221,"01_10480"
"843","OG0000500",6.389880133,52.71270815,0.121220866,0.903516097,"01_04250"
"844","OG0008527",6.423785657,24.01307835,0.26751196,0.789075007,"DE0062_08180"
"845","OG0000624",6.470316575,53.47345451,0.121000534,0.903690612,"01_34480"
"846","OG0001340",6.498788271,55.6632507,0.116751864,0.90705669,"01_24310"
"847","OG0000701",6.525697801,56.41911001,0.115664671,0.907918307,"01_06520"
"848","OG0010069",8.295781793,61.49275183,0.13490666,0.892685673,"DE0062_29350"
